1,4,AF,AFG,Afghanistan,Afghanistan,ｦｫ
2,8,AL,ALB,Albanie,Albania,ｦｱ
3,10,AQ,ATA,Antarctique,Antarctica,ｦｶ
4,12,DZ,DZA,Algﾃｩrie,Algeria,ｩｿ
5,16,AS,ASM,Samoa Amﾃｩricaines,American Samoa,ｦｸ
6,20,AD,AND,Andorre,Andorra,ｦｩ
7,24,AO,AGO,Angola,Angola,ｦｴ
8,28,AG,ATG,Antigua-et-Barbuda,Antigua and Barbuda,
9,31,AZ,AZE,Azerbaﾃｯdjan,Azerbaijan,ｦｿ
10,32,AR,ARG,Argentine,Argentina,ｦｷ
11,36,AU,AUS,Australie,Australia,ｦｺ
12,40,AT,AUT,Autriche,Austria,ｦｹ
13,44,BS,BHS,Bahamas,Bahamas,ｧｸ
14,48,BH,BHR,Bahreﾃｯn,Bahrain,ｧｭ
15,50,BD,BGD,Bangladesh,Bangladesh,ｧｩ
16,51,AM,ARM,Armﾃｩnie,Armenia,ｦｲ
17,52,BB,BRB,Barbade,Barbados,ｧｧ
18,56,BE,BEL,Belgique,Belgium,ｧｪ
19,60,BM,BMU,Bermudes,Bermuda,ｧｲ
20,64,BT,BTN,Bhoutan,Bhutan,ｧｹ
21,68,BO,BOL,Bolivie,Bolivia,ｧｴ
22,70,BA,BIH,Bosnie-Herzﾃｩgovine,Bosnia and Herzegovina,ｧｦ
23,72,BW,BWA,Botswana,Botswana,ｧｼ
24,74,BV,BVT,ﾃ四e Bouvet,Bouvet Island,ｧｻ
25,76,BR,BRA,Brﾃｩsil,Brazil,ｧｷ
26,84,BZ,BLZ,Belize,Belize,ｧｿ
27,86,IO,IOT,Territoire Britannique de l'Ocﾃｩan Indien,British Indian Ocean Territory,ｮｴ
28,90,SB,SLB,ﾃ四es Salomon,Solomon Islands,ｸｧ
29,92,VG,VGB,ﾃ四es Vierges Britanniques,British Virgin Islands,ｻｬ
30,96,BN,BRN,Brunﾃｩi Darussalam,Brunei Darussalam,ｧｳ
31,100,BG,BGR,Bulgarie,Bulgaria,ｧｬ
32,104,MM,MMR,Myanmar,Myanmar,ｲｲ
33,108,BI,BDI,Burundi,Burundi,ｧｮ
34,112,BY,BLR,Bﾃｩlarus,Belarus,ｧｾ
35,116,KH,KHM,Cambodge,Cambodia,ｰｭ
36,120,CM,CMR,Cameroun,Cameroon,ｨｲ
37,124,CA,CAN,Canada,Canada,ｨｦ
38,132,CV,CPV,Cap-vert,Cape Verde,ｨｻ
39,136,KY,CYM,ﾃ四es Caﾃｯmanes,Cayman Islands,ｰｾ
40,140,CF,CAF,Rﾃｩpublique Centrafricaine,Central African,ｨｫ
41,144,LK,LKA,Sri Lanka,Sri Lanka,ｱｰ
42,148,TD,TCD,Tchad,Chad,ｹｩ
43,152,CL,CHL,Chili,Chile,ｨｱ
44,156,CN,CHN,Chine,China,ｨｳ
45,158,TW,TWN,Taﾃｯwan,Taiwan,ｹｼ
46,162,CX,CXR,ﾃ四e Christmas,Christmas Island,ｨｽ
47,166,CC,CCK,ﾃ四es Cocos (Keeling),Cocos (Keeling) Islands,ｨｨ
48,170,CO,COL,Colombie,Colombia,ｨｴ
49,174,KM,COM,Comores,Comoros,ｰｲ
50,175,YT,MYT,Mayotte,Mayotte,ｾｹ
51,178,CG,COG,Rﾃｩpublique du Congo,Republic of the Congo,ｨｬ
52,180,CD,COD,Rﾃｩpublique Dﾃｩmocratique du Congo,The Democratic Republic Of The Congo,ｨｩ
53,184,CK,COK,ﾃ四es Cook,Cook Islands,ｨｰ
54,188,CR,CRI,Costa Rica,Costa Rica,ｨｷ
55,191,HR,HRV,Croatie,Croatia,ｭｷ
56,192,CU,CUB,Cuba,Cuba,ｨｺ
57,196,CY,CYP,Chypre,Cyprus,ｨｾ
58,203,CZ,CZE,Rﾃｩpublique Tchﾃｨque,Czech Republic,ｨｿ
59,204,BJ,BEN,Benin,Benin,ｧｯ
60,208,DK,DNK,Danemark,Denmark,ｩｰ
61,212,DM,DMA,Dominique,Dominica,ｩｲ
62,214,DO,DOM,Rﾃｩpublique Dominicaine,Dominican Republic,ｩｴ
63,218,EC,ECU,ﾃ衛uateur,Ecuador,ｪｨ
64,222,SV,SLV,El Salvador,El Salvador,ｸｻ
65,226,GQ,GNQ,Guinﾃｩe ﾃ衛uatoriale,Equatorial Guinea,ｬｶ
66,231,ET,ETH,ﾃ液hiopie,Ethiopia,ｪｹ
67,232,ER,ERI,ﾃ詠ythrﾃｩe,Eritrea,ｪｷ
68,233,EE,EST,Estonie,Estonia,ｪｪ
69,234,FO,FRO,ﾃ四es Fﾃｩroﾃｩ,Faroe Islands,ｫｴ
70,238,FK,FLK,ﾃ四es (malvinas) Falkland,Falkland Islands,ｫｰ
71,239,GS,SGS,Gﾃｩorgie du Sud et les ﾃ四es Sandwich du Sud,South Georgia and the South Sandwich Islands,ｬｸ
72,242,FJ,FJI,Fidji,Fiji,ｫｯ
73,246,FI,FIN,Finlande,Finland,ｫｮ
74,248,AX,ALA,ﾃ四es ﾃland,ﾃland Islands,ｦｽ
75,250,FR,FRA,France,France,ｫｷ
76,254,GF,GUF,Guyane Franﾃｧaise,French Guiana,ｬｫ
77,258,PF,PYF,Polynﾃｩsie Franﾃｧaise,French Polynesia,ｵｫ
78,260,TF,ATF,Terres Australes Franﾃｧaises,French Southern Territories,ｹｫ
79,262,DJ,DJI,Djibouti,Djibouti,ｩｯ
80,266,GA,GAB,Gabon,Gabon,ｬｦ
81,268,GE,GEO,Gﾃｩorgie,Georgia,ｬｪ
82,270,GM,GMB,Gambie,Gambia,ｬｲ
83,275,PS,PSE,Territoire Palestinien Occupﾃｩ,Occupied Palestinian Territory,ｵｸ
84,276,DE,DEU,Allemagne,Germany,ｩｪ
85,288,GH,GHA,Ghana,Ghana,ｬｭ
86,292,GI,GIB,Gibraltar,Gibraltar,ｬｮ
87,296,KI,KIR,Kiribati,Kiribati,ｰｮ
88,300,GR,GRC,Grﾃｨce,Greece,ｬｷ
89,304,GL,GRL,Groenland,Greenland,ｬｱ
90,308,GD,GRD,Grenade,Grenada,ｬｩ
91,312,GP,GLP,Guadeloupe,Guadeloupe,ｬｵ
92,316,GU,GUM,Guam,Guam,ｬｺ
93,320,GT,GTM,Guatemala,Guatemala,ｬｹ
94,324,GN,GIN,Guinﾃｩe,Guinea,ｬｳ
95,328,GY,GUY,Guyana,Guyana,ｬｾ
96,332,HT,HTI,Haﾃｯti,Haiti,ｭｹ
97,334,HM,HMD,ﾃ四es Heard et Mcdonald,Heard Island and McDonald Islands,ｭｲ
98,336,VA,VAT,Saint-Siﾃｨge (ﾃｩtat de la Citﾃｩ du Vatican),Vatican City State,ｻｦ
99,340,HN,HND,Honduras,Honduras,ｭｳ
100,344,HK,HKG,Hong-Kong,Hong Kong,ｭｰ
101,348,HU,HUN,Hongrie,Hungary,ｭｺ
102,352,IS,ISL,Islande,Iceland,ｮｸ
103,356,IN,IND,Inde,India,ｮｳ
104,360,ID,IDN,Indonﾃｩsie,Indonesia,ｮｩ
105,364,IR,IRN,Rﾃｩpublique Islamique d'Iran,Islamic Republic of Iran,ｮｷ
106,368,IQ,IRQ,Iraq,Iraq,ｮｶ
107,372,IE,IRL,Irlande,Ireland,ｮｪ
108,376,IL,ISR,Israﾃｫl,Israel,ｮｱ
109,380,IT,ITA,Italie,Italy,ｮｹ
110,384,CI,CIV,Cote d'Ivoire,Cote d'Ivoire,ｨｮ
111,388,JM,JAM,Jamaﾃｯque,Jamaica,ｯｲ
112,392,JP,JPN,Japon,Japan,ｯｵ
113,398,KZ,KAZ,Kazakhstan,Kazakhstan,ｰｿ
114,400,JO,JOR,Jordanie,Jordan,ｯｴ
115,404,KE,KEN,Kenya,Kenya,ｰｪ
116,408,KP,PRK,Rﾃｩpublique Populaire Dﾃｩmocratique de Corﾃｩe,Democratic People's Republic of Korea,ｰｵ
117,410,KR,KOR,Rﾃｩpublique de Corﾃｩe,Republic of Korea,ｰｷ
118,414,KW,KWT,Koweﾃｯt,Kuwait,ｰｼ
119,417,KG,KGZ,Kirghizistan,Kyrgyzstan,ｰｬ
120,418,LA,LAO,Rﾃｩpublique Dﾃｩmocratique Populaire Lao,Lao People's Democratic Republic,ｱｦ
121,422,LB,LBN,Liban,Lebanon,ｱｧ
122,426,LS,LSO,Lesotho,Lesotho,ｱｸ
123,428,LV,LVA,Lettonie,Latvia,ｱｻ
124,430,LR,LBR,Libﾃｩria,Liberia,ｱｷ
125,434,LY,LBY,Jamahiriya Arabe Libyenne,Libyan Arab Jamahiriya,ｱｾ
126,438,LI,LIE,Liechtenstein,Liechtenstein,ｱｮ
127,440,LT,LTU,Lituanie,Lithuania,ｱｹ
128,442,LU,LUX,Luxembourg,Luxembourg,ｱｺ
129,446,MO,MAC,Macao,Macao,ｲｴ
130,450,MG,MDG,Madagascar,Madagascar,ｲｬ
131,454,MW,MWI,Malawi,Malawi,ｲｼ
132,458,MY,MYS,Malaisie,Malaysia,ｲｾ
133,462,MV,MDV,Maldives,Maldives,ｲｻ
134,466,ML,MLI,Mali,Mali,ｲｱ
135,470,MT,MLT,Malte,Malta,ｲｹ
136,474,MQ,MTQ,Martinique,Martinique,ｲｶ
137,478,MR,MRT,Mauritanie,Mauritania,ｲｷ
138,480,MU,MUS,Maurice,Mauritius,ｲｺ
139,484,MX,MEX,Mexique,Mexico,ｲｽ
140,492,MC,MCO,Monaco,Monaco,ｲｨ
141,496,MN,MNG,Mongolie,Mongolia,ｲｳ
142,498,MD,MDA,Rﾃｩpublique de Moldova,Republic of Moldova,ｲｩ
143,500,MS,MSR,Montserrat,Montserrat,ｲｸ
144,504,MA,MAR,Maroc,Morocco,ｲｦ
145,508,MZ,MOZ,Mozambique,Mozambique,ｲｿ
146,512,OM,OMN,Oman,Oman,ｴｲ
147,516,NA,NAM,Namibie,Namibia,ｳｦ
148,520,NR,NRU,Nauru,Nauru,ｳｷ
149,524,NP,NPL,Nﾃｩpal,Nepal,ｳｵ
150,528,NL,NLD,Pays-Bas,Netherlands,ｳｱ
151,530,AN,ANT,Antilles Nﾃｩerlandaises,Netherlands Antilles,
152,533,AW,ABW,Aruba,Aruba,ｦｼ
153,540,NC,NCL,Nouvelle-Calﾃｩdonie,New Caledonia,ｳｨ
154,548,VU,VUT,Vanuatu,Vanuatu,ｻｺ
155,554,NZ,NZL,Nouvelle-Zﾃｩlande,New Zealand,ｳｿ
156,558,NI,NIC,Nicaragua,Nicaragua,ｳｮ
157,562,NE,NER,Niger,Niger,ｳｪ
158,566,NG,NGA,Nigﾃｩria,Nigeria,ｳｬ
159,570,NU,NIU,Niuﾃｩ,Niue,ｳｺ
160,574,NF,NFK,ﾃ四e Norfolk,Norfolk Island,ｳｫ
161,578,NO,NOR,Norvﾃｨge,Norway,ｳｴ
162,580,MP,MNP,ﾃ四es Mariannes du Nord,Northern Mariana Islands,ｲｵ
163,581,UM,UMI,ﾃ四es Mineures ﾃ瑛oignﾃｩes des ﾃ液ats-Unis,United States Minor Outlying Islands,ｺｲ
164,583,FM,FSM,ﾃ液ats Fﾃｩdﾃｩrﾃｩs de Micronﾃｩsie,Federated States of Micronesia,ｫｲ
165,584,MH,MHL,ﾃ四es Marshall,Marshall Islands,ｲｭ
166,585,PW,PLW,Palaos,Palau,ｵｼ
167,586,PK,PAK,Pakistan,Pakistan,ｵｰ
168,591,PA,PAN,Panama,Panama,ｵｦ
169,598,PG,PNG,Papouasie-Nouvelle-Guinﾃｩe,Papua New Guinea,ｵｬ
170,600,PY,PRY,Paraguay,Paraguay,ｵｾ
171,604,PE,PER,Pﾃｩrou,Peru,ｵｪ
172,608,PH,PHL,Philippines,Philippines,ｵｭ
173,612,PN,PCN,Pitcairn,Pitcairn,ｵｳ
174,616,PL,POL,Pologne,Poland,ｵｱ
175,620,PT,PRT,Portugal,Portugal,ｵｹ
176,624,GW,GNB,Guinﾃｩe-Bissau,Guinea-Bissau,ｬｼ
177,626,TL,TLS,Timor-Leste,Timor-Leste,ｹｱ
178,630,PR,PRI,Porto Rico,Puerto Rico,ｵｷ
179,634,QA,QAT,Qatar,Qatar,ｶｦ
180,638,RE,REU,Rﾃｩunion,Rﾃｩunion,ｷｪ
181,642,RO,ROU,Roumanie,Romania,ｷｴ
182,643,RU,RUS,Fﾃｩdﾃｩration de Russie,Russian Federation,ｷｺ
183,646,RW,RWA,Rwanda,Rwanda,ｷｼ
184,654,SH,SHN,Sainte-Hﾃｩlﾃｨne,Saint Helena,ｸｭ
185,659,KN,KNA,Saint-Kitts-et-Nevis,Saint Kitts and Nevis,ｰｳ
186,660,AI,AIA,Anguilla,Anguilla,ｦｮ
187,662,LC,LCA,Sainte-Lucie,Saint Lucia,ｱｨ
188,666,PM,SPM,Saint-Pierre-et-Miquelon,Saint-Pierre and Miquelon,ｵｲ
189,670,VC,VCT,Saint-Vincent-et-les Grenadines,Saint Vincent and the Grenadines,ｻｨ
190,674,SM,SMR,Saint-Marin,San Marino,ｸｲ
191,678,ST,STP,Sao Tomﾃｩ-et-Principe,Sao Tome and Principe,ｸｹ
192,682,SA,SAU,Arabie Saoudite,Saudi Arabia,ｸｦ
193,686,SN,SEN,Senegal,Senegal,ｸｳ
194,690,SC,SYC,Seychelles,Seychelles,ｸｨ
195,694,SL,SLE,Sierra Leone,Sierra Leone,ｸｱ
196,702,SG,SGP,Singapour,Singapore,ｸｬ
197,703,SK,SVK,Slovaquie,Slovakia,ｸｰ
198,704,VN,VNM,Viet Nam,Vietnam,ｻｳ
199,705,SI,SVN,Slovﾃｩnie,Slovenia,ｸｮ
200,706,SO,SOM,Somalie,Somalia,ｸｴ
201,710,ZA,ZAF,Afrique du Sud,South Africa,ｿｦ
202,716,ZW,ZWE,Zimbabwe,Zimbabwe,ｿｼ
203,724,ES,ESP,Espagne,Spain,ｪｸ
204,732,EH,ESH,Sahara Occidental,Western Sahara,ｪｭ
205,736,SD,SDN,Soudan,Sudan,ｸｩ
206,740,SR,SUR,Suriname,Suriname,ｸｷ
207,744,SJ,SJM,Svalbard etﾃ四e Jan Mayen,Svalbard and Jan Mayen,ｸｯ
208,748,SZ,SWZ,Swaziland,Swaziland,ｸｿ
209,752,SE,SWE,Suﾃｨde,Sweden,ｸｪ
210,756,CH,CHE,Suisse,Switzerland,ｨｭ
211,760,SY,SYR,Rﾃｩpublique Arabe Syrienne,Syrian Arab Republic,ｸｾ
212,762,TJ,TJK,Tadjikistan,Tajikistan,ｹｯ
213,764,TH,THA,Thaﾃｯlande,Thailand,ｹｭ
214,768,TG,TGO,Togo,Togo,ｹｬ
215,772,TK,TKL,Tokelau,Tokelau,ｹｰ
216,776,TO,TON,Tonga,Tonga,ｹｴ
217,780,TT,TTO,Trinitﾃｩ-et-Tobago,Trinidad and Tobago,ｹｹ
218,784,AE,ARE,,United Arab Emirates,ｦｪ
219,788,TN,TUN,Tunisie,Tunisia,ｹｳ
220,792,TR,TUR,Turquie,Turkey,ｹｷ
221,795,TM,TKM,Turkmﾃｩnistan,Turkmenistan,ｹｲ
222,796,TC,TCA,ﾃ四es Turks et Caﾃｯques,Turks and Caicos Islands,ｹｨ
223,798,TV,TUV,Tuvalu,Tuvalu,ｹｻ
224,800,UG,UGA,Ouganda,Uganda,ｺｬ
225,804,UA,UKR,Ukraine,Ukraine,ｺｦ
226,807,MK,MKD,L'ex-Rﾃｩpublique Yougoslave de Macﾃｩdoine,The Former Yugoslav Republic of Macedonia,ｲｰ
227,818,EG,EGY,ﾃ曳ypte,Egypt,ｪｬ
228,826,GB,GBR,Royaume-Uni,United Kingdom,ｬｧ
229,833,IM,IMN,ﾃ四e de Man,Isle of Man,ｮｲ
230,834,TZ,TZA,Rﾃｩpublique-Unie de Tanzanie,United Republic Of Tanzania,ｹｿ
231,840,US,USA,ﾃ液ats-Unis,United States,ｺｸ
232,850,VI,VIR,ﾃ四es Vierges des ﾃ液ats-Unis,U.S. Virgin Islands,ｻｮ
233,854,BF,BFA,Burkina Faso,Burkina Faso,ｧｫ
234,858,UY,URY,Uruguay,Uruguay,ｺｾ
235,860,UZ,UZB,Ouzbﾃｩkistan,Uzbekistan,ｺｿ
236,862,VE,VEN,Venezuela,Venezuela,ｻｪ
237,876,WF,WLF,Wallis et Futuna,Wallis and Futuna,ｼｫ
238,882,WS,WSM,Samoa,Samoa,ｼｸ
239,887,YE,YEM,Yﾃｩmen,Yemen,ｾｪ
240,891,CS,SCG,Serbie-et-Montﾃｩnﾃｩgro,Serbia and Montenegro,
241,894,ZM,ZMB,Zambie,Zambia,ｿｲ